INSERT INTO usuario (nome_completo, email, senha) VALUES
('João Dutra', 'j.dutra@hotmail.com', 'joao123'),
('Zamira Duarte', 'z.duarte@gmail.com', 'zamira123'),
('Alaquias Silva', 'a.silva@outlook.com', 'silva123'),
('Herméias Souza', 'h.souza@bol.com.br', 'souza123'),
('Ronaldo Caféow', 'r.cafeow@uol.com.br', 'roooonaldinho123');

INSERT INTO estabelecimento (nome, id_usuario, data_cadastro, cep, rua, numero, complemento, bairro, cidade, estado) VALUES
('Restaurante Rua da Mooca', 5, '2017-12-12', '79061-050', 'Rua da Mooca', '1460', 'Prédio', 'Mooca', 'São Paulo', 'SP'),
('Canto do Cupim', 1, '2017-12-05', '79003-027', 'Avenida Ricardo Brandão', '230', 'Prédio', 'Chácara Cachoeira', 'Campo Grande', 'MS'),
('Gaúcho Gastão', 2, '2017-12-05', '79040-040', 'Rua Dr. Zerbini', '38', 'Casa', 'Chácara Cachoeira', 'Campo Grande', 'MS'),
('Província di Salerno', 2, '2017-10-11', '30150-330', 'R. Maranhão', '18', 'Casa', 'Santa Efigênia', 'Belo Horizonte', 'MG'),
('Tradição de Minas', 3, '2016-09-03', '30730-430', 'R. Monte Líbano', '119', 'Casa', 'Padre Eustáquio', 'Belo Horizonte', 'MG'),
('Fasano', 3, '2016-04-10', '22420-000', 'Av. Vieira Souto', '80', 'Casa', 'Ipanema', 'Rio de Janeiro', 'RJ'),
('Skylab', 1, '2017-08-20', '22070-001', 'Av. Atlântica', '3264', 'Casa', 'Copacabana', 'Rio de Janeiro', 'RJ'),
('Outback Steakhouse', 5, '2017-01-23', '91340-001', 'Av. João Wallig', '1800', 'Casa', 'Iguatemi', 'Porto Alegre', 'RS'),
('Boteco Kabanas', 3, '2015-02-09', '74215-110', 'Rua Dr. Zerbini', '2693', 'Casa', 'St. Bueno', 'Goiânia', 'GO');


INSERT INTO estabelecimento_foto (id_est, url_imagem, data_cadastro) VALUES
(3, 'foto-estabelecimento-1.png', '2017-12-12'),
(4, 'foto-estabelecimento-2.png', '2017-12-05'),
(5, 'foto-estabelecimento-3.png', '2017-12-05'),
(6, 'foto-estabelecimento-4.png', '2017-10-11'),
(7, 'foto-estabelecimento-1.png', '2016-09-03'),
(8, 'foto-estabelecimento-2.png', '2016-04-10'),
(9, 'foto-estabelecimento-4.png', '2017-08-20'),
(10, 'foto-estabelecimento-3.png', '2017-01-23'),
(12, 'foto-estabelecimento-1.png', '2015-02-09');

INSERT INTO avaliacao (id_est, id_usu, descricao) VALUES 
(1, 1, 'Lorem ipsum dolor sit amet, consectetur adipiscing elit, sed do eiusmod tempor incididunt ut labore et dolore magna aliqua. Ut enim ad minim veniam, quis nostrud exercitation ullamco laboris nisi ut aliquip ex ea commodo consequat. Duis aute irure dolor in reprehenderit in voluptate velit esse cillum dolore eu fugiat nulla pariatur. Excepteur sint occaecat cupidatat non proident, sunt in culpa qui officia deserunt mollit anim id est laborum.'),  
(2, 2, 'Test Nagłówek Il Test Intestazione. Lorem ipsum dolor sit amet, consectetur adipiscing elit, sed do eiusmod tempor incididunt ut labore et dolore magna aliqua. Ut enim ad minim veniam, quis nostrud exercitation ullamco laboris nisi ut aliquip ex ea commodo consequat...'),  
(3, 3, 'Li Europan lingues es membres del sam familie. Lor separat existentie es un myth. Por scientie, musica, sport etc., li tot Europa usa li sam vocabularium. Li lingues differe solmen in li grammatica, li pronunciation e li plu commun vocabules. Omnicos directe al desirabilit? de un nov lingua franca: on refusa continuar payar custosi traductores. It solmen va esser necessi far uniform grammatica, pronunciation e plu sommun paroles.'),  
(5, 3, 'Un título tentativo, Ma quande lingues coalesce, li grammatica del resultant lingue es plu simplic e regulari quam ti del coalescent lingues. Li nov lingua franca va esser plu simplic e regulari quam li existent Europan lingues...'),  
(2, 2, 'Lorem ipsum dolor sit amet diam ut lorem. In tristique senectus et enim. Sed justo fringilla non, dolor. Nullam viverra justo. Praesent vitae massa in faucibus a, laoreet vel, ipsum. Donec erat volutpat. Nunc justo elit, pulvinar at, nibh. Quisque eu lectus nec nunc commodo nec, pede. Mauris nec libero. Nam libero quis nibh ut sapien. Fusce blandit a, lorem. Suspendisse eget dolor gravida sem. Integer adipiscing. Vestibulum dignissim a, gravida tellus tortor, hendrerit wisi. Aliquam vel lorem. Mauris imperdiet, urna mauris, consectetuer congue eleifend. Nulla gravida vel, dui. Cras ut ante. Mauris luctus laoreet. Nam ullamcorper lorem. Aliquam erat metus dolor, porttitor egestas. Proin imperdiet quis, justo. Fusce venenatis quis, congue ac, urna. Vestibulum ornare tortor et augue. Nulla pellentesque accumsan. Quisque consectetuer congue arcu elementum vitae, cursus dolor placerat sagittis non, tristique senectus et malesuada leo vel urna eu lobortis augue. Nulla facilisi. Nam placerat a, gravida iaculis ornare. Nam molestie. Phasellus lacinia neque. Donec condimentum sed, luctus tellus hendrerit wisi. Praesent wisi at ante. Proin id erat volutpat. Nam sed justo. Sed lacinia, risus velit, rhoncus nunc. '),
(1, 5, 'finfoot cusparine antipathetic countenancer geosyncline beglerbeg hypobranchiate Ermanaric dronepipe cocitizen hostship grantor aswing geostatic islandless Cytosporina cloy inextensible armed Hepatica befountained commemorativeness hatherlite Apalachee'),
(3, 11, 'assuredly egotist bushelful coresort beastie barrulee brier desegmented deducibleness catadromous exserted fort athletism endeared Gryllotalpa Eskimoic Germanical counterlove ayah interglobular bedevilment cataracted caryopsis emulant'),
(0, 10, 'grallatorial bibliosoph calyptro entirely consolidated closen brandywine inconscient folletage indigenousness Ephraitic heredofamilial electropneumatically confirmee interlaminar Capriola becurtained elapine executancy barlock guffin irreportable Alumel dikelocephalid'),
(2, 9, 'deferentitis binman Eclectics diplokaryon harvestless debarbarization intercommuner bimonthly entomere extratropical ambulative bolter areological ischiadicus examinability discerption Circaeaceae carbolxylol ethylamide cookhouse bodicemaker insipient ghostism falconlike'),
(4, 8, 'desition Celluloid arrentation headboard coign arsnicker Ammodytes hypercube horizontical extracutaneous abridge gerefa heteropathic bash holethnos Irrisoridae dermophytic collarbird climatometer buildable bangiaceous barretter apothegmatic inviolability'),
(1, 10, 'introit freewill censureless achordal adenomatous caser convexed adamellite intersect garlandlike daymare glomerulonephritis grave heredosyphilitic apagogical daiker dispossession hamatum caudata cheerly antlerless enstate formagen actinogram'),
(1, 9, 'ependyme detest extent hedgeless drupetum focometer Chordeiles gitoxigenin bilsh galvanotropic Crossopterygii hypospray existence indemoniate esophagoscopy aire embraceable coelelminth adjudicate assented hypoendocrinism brittle canada Cynognathus'),
(3, 8, 'fermentativeness coxarthropathy ethography collatee disdainfulness discreation hyporhachis holotony divellicate Byzantine decretory appetizement exigency bijugular descension Homoean chondropharyngeus enzootic airmail implosion antroscopy inarticulacy helianthic albarium'),
(2, 7, 'bumblepuppy hippopotamian beloeilite feedbin erosely bouche ave epistasis gastroadenitis disproportionalness Francophile bibble cavernicolous electrotechnology Cestidae chronophotography isatic homophyllous instantaneousness bahnung coccyges addleheaded hematomphalocele Arctamerican'),
(4, 5, 'Basilidianism entosternum appleblossom cacophonical discredence Excipulaceae equidimensional columbin autosymbolically includer guereza bifistular intersterility discographical hamleteer inquietly hoodwort clavacin embolus collectivism hermidin cuttingness eremitish ganglioma'),
(3, 5, 'bimanual fusil bedust dacryocystoblennorrhea disadventure Babuma forewarm Almira gentilitian autodifferentiation byssal arthrogryposis cerago choop defyingly glochidia costicervical funicule atlantal artistic homochiral brilliantly dracontites Haidan'),
(4, 11, 'eelspear anoplocephalic actinautographic bloodstroke chard banally goffered faced appinite impoliteness exergue aflush darnation analgesia hydroxy Fraxinus canarin illiberal gin botfly eutherian bredi flabby antarctical'),
(2, 11, 'difformity Eumenidae dyarchical cavil hallowed besmirch exuberantly gumptious famelessness Duralumin indocibleness governessy absorptivity acanthion girder acutograve hydrosulphureted gradefinder introgressive ceroplasty charry calyptra bucketer corporation'),
(3, 6, 'afterage chinche agaricaceae boarwood hydrogenation hanse ichor disprobative hyposthenuria definiteness isolative hymenopterology duplexity Athyridae Docetically florigen gersum introvertive epistemolog amasser imprecant goalee entomological Cursa'),
(0, 6, 'chromatophobia aglimmer betwixt bequeather chidingness Apocynum inorganization continuedness ingather hydroxyacetic epiphanous faulty divers imperially conus advisive covenanted basivertebral godless binarium emplacement formulism conductance insurrectionism'),
(3, 7, 'Centauridium cabureiba fluidly antisialic brutely aperispermic acrochordon anandrarious egging imagistic eudiometrically flattery dialyzator bronchoplasty iconoclast chitterling ashery angustifoliate aquacade canthal demipomada intercollegiate delineator hydrocystic'),
(3, 11, 'dulcification buaze Chromididae cantharidate clearheadedness dewanee adfix gagee Griff charlatanically cymoid elkwood freely chirographer copatain extrasensory estruate feucht allower honeysuckle inoculator dihedron baton henwoodite'),
(3, 11, 'hundredwork deferrization giggler Antaimerina inductive clanfellow Eranthis embossment counterintrigue autophagia apprense irregularly coabound celery bibliomanianism feu admixture historial ctenidial archiblast fiacre bedded angioleucitis cataloguist'),
(1, 3, 'hydrotechnic eclecticism Hamelia concluding Causus bilaterally Boxerism apogeal accused isoagglutinative Cuculi adephagia accountably anesthetic fraternal exallotriote heliogravure aboon Iranic coleopteroid incoincident incalculableness interopercular Eleusine'),
(3, 6, 'infield affectional druidess incompactly entepicondylar emotionize esophagectomy Etchimin centuplicate aregeneratory gastrocolotomy assertable cardiagraph cholesterol amarevole Baluchitherium Algonquin isocyanate auletris collegialism bottomlessly dithionic cavilingness camstane'),
(0, 3, 'grossart banking dolorous benzophloroglucinol forint crickle erotogenesis defect brachyfacial clifflike incredulity endodermic intraperiosteal disalign driftless chaka inanimately hellhole Hamadan animadversional ferritungstite Atnah Chamkanni galvanotactic'),
(1, 12, 'antacid deuteroscopy arthrocarcinoma glomerular ellagic afterhope bardling clarin ectobatic calciphyre expire hotelization hydrothorax chiefish dawdle funiculitis encyclopedial atrorubent anchusin autogenetic biretta irregardless Chaucerianism biternate'),
(4, 6, 'galling gonosomal alterer Gromia gridelin ironweed antiwedge acclinate coproprietor diaereses Bahima Chalukyan hyle Guarnieri Deidesheimer intercolumniation hotspur autography Hispa gem chanter druggister homoousia gandurah'),
(0, 9, 'emboscata appetitional inferiorize drapery crawley aliunde heimin Antikamnia balonea bloodshed fellage flowerwork incondensible digestibly illoyal bronzen Bellerophontidae calibration disk incommensurableness equison autophotometry angelize cephalotribe'),
(4, 7, 'heliograph irreticent commensurability Ancyloceras homogeneal intentively freeway impoundment bluebottle ectoplastic guerdonable engastrimythic abasement excremental baggit gatetender bitanhol accordionist catchall angostura didelphian Derris benedictionary cytomorphosis'),
(0, 11, 'hologastrular Babbie combing hyponychial consumpted endobronchially brackmard emblossom carving guillemot gradiometric hackney cosse bhut Celastrus arduous foreword fearingly artware flankwise bianco bumpkinly dentiferous Cunas'),
(3, 8, 'antipapacy Gilbertian earshot disheartening begohm hunkers acouasm bisilicate Augustus ileostomy ghizite darned appendiculated assist broguery Blephillia hermaphroditism hepatite fussily hyperpigmentation desmid angster appropriative actinomorphic'),
(6, 2, 'beblubber fiscalize enjoying bullion bepity inactiveness aseismic ashberry extratracheal inconversable acipenseroid bradyspermatism alecize immeritorious exappendiculate endorsee alcelaphine interrogatedness invertive froggery hippish hygrometry basinasial glebe'),
(8, 1, 'Cichoriaceae Annard Ijo barber granny colly Carara Basilosauridae inconstancy acrography colipyuria grottoed grimacingly desmognathous antimnemonic beholder bookable anemoclastic Guinevere Inca fardo dicyanogen babby hoveler'),
(9, 2, 'frailejon eyeglass cape dooryard animalize dyestuff etude bowstave ghebeta consolableness decasyllabon inexactly handgrasp gibber burdener drollingly hippodromic Anton beneficent carbazide flattish inguinodynia archmock Catamarenan'),
(7, 4, 'formwork amah domesticable goburra enviably bourtree afterswell inconvenient consolidative ancylopod arresting aldine gignitive alphabetize cloisterliness gomlah excusably hemocytolysis flavicant charlatanic insensate Gandhiism dagger clypeate'),
(6, 2, 'buret chondritis carbonade convalescence caviar accessarily aerobium discodactyl cosmogonic hepatophyma buprestid Capsidae bescutcheon interwed erythrochroic belted gastraead dorsispinal isobutyraldehyde Belgic bruang besmutch Chaldaical immeritorious'),
(9, 5, 'endogenetic frangibility calenturist befire acquaintance irrigative customer inexist emblematicize dehumidifier homeopathicity intralingual isonomous bridge intransitivity consensual charkhana Artemisium adrip forenoon blushiness chondrite bullionless coralloidal'),
(9, 5, 'darning honorable Heterosomati higginsite chromogenous chavish aspectant dianisidine beckoningly cardiasthma apogamically gazon chieftainess flummydiddle decemfoliate boycottage Hashimite inosite antisociality greyhound blastogenic aposematically Amurru adiposuria'),
(6, 1, 'antidromous froglike brumous cane Arabophil clothespress auloi hive glucosuria fenderless agnification disembed Andoke homoeomorphous carbacidometer exhume downway decisive domical bellyland accrementition allodelphite cosmotheism actinobacillosis'),
(9, 5, 'Hungarian indicative Assisan beneficiaryship albahaca cristate hyracothere creeky allomucic aftercare connected chloracetate Brandon disrober fiance enchantress heredity byordinar downhill dawnward bobbish himwards deifical bachelorly'),
(9, 1, 'Calcydon cosmetical desight flogster basophile contributiveness clonic Capella duhat apogamically bronchostenosis aumil chondriomite dentelated inethical ceratioid fractionize floccular benzophenanthroline chromatocyte foretopman Chaucerism disliking deludher'),
(6, 2, 'clergywoman areroscope hoydenhood distillmint appellate expediency beerishly amphipodiform beslobber dactylitis herbalist Coreidae Cary conacaste abjudicate Childermas Galician goods heliophobe ceruminiferous cockpit fluidify abjure enshield'),
(6, 3, 'Ciceronianism emptional Corsican forehatchway filace footstall cheerfulness Fayal horoscope concordial elative intarsia ethanal cotyla butterlike inflectionally coronetty intracerebellar esophagorrhagia eyeleteer birefracting colletic hooven coryphee'),
(7, 1, 'Chalina cop elkhound amorality Englishly Dolichoglossus dacryuria electrophototherapy incitant Antaios gouty Coelelminthes allopathic degorge enchytraeid anthropogenous brook Condylura depullulation hinderlins hexameter epiplocele apiarist chronical'),
(6, 4, 'antiturnpikeism hipple archeus Gadarene decrepitation hindmost guideway barbigerous gluttonish amender frondage constitutionalism handed chemiphotic circumvolve fidgetiness embottle chlorohydrin establishmentarian insofar coracomorph catechismal electrodynamical euthanasia'),
(7, 4, 'Caroling counterpoise interconfessional casebook antennular damourite apolaustic ankylodactylia ease incubation arachnactis eversporting Cellite endocritic genos cytoblast Isokontae fugally Cervidae erythrolytic balsamic grotesqueness caneology incoalescence'),
(9, 2, 'broider indiferous branchway enjoyable Abrahamitic Hermaphroditus hyposcleral Flagellata charitableness beauti habitable Hamamelites curatorship disintricate diseased inoffensiveness adjoint frosted equiponderant Bos decemfoliolate Bukat dentinal detect'),
(6, 5, 'bacterization hyperterrestrial effuse cimicifugin ascescent flabellifoliate hyoidal indevout adiate ferrihydrocyanic arteriostenosis gilt gymnocarpous buster fogle coagulose erythrophagous bachelorize anandria hugeous fibrine exculpate eruptivity belaud'),
(7, 1, 'apocha acidific capitalization baniya Conemaugh erudite bullcart anatox Anas acicularly discriminateness cosech clause algophilia fieldwort imperceptibility hypersensual husbandry goldenback filtratable iridokinesia cathexis creolian hygroscopic'),
(8, 1, 'Cevennian Catawba heathenness Algarsyf debauchery dorsabdominal heartsease analcimite adaption fluorine depressiveness Gynandria elderberry intersectant Enterolobium denominative Amphionic forepeak fulgorous butterwright deferential antiphilosophical Asymmetron elicit'),
(8, 3, 'individualization cosmopolitics hydroparacoumaric circumnavigate indument coelacanthine consignor epiphenomenalism faller hefter adulterant despair calcination arose Cimbrian abbacy cornuted feer computus aerosiderolite arbitrarily anaxone aspread allelotropy'),
(9, 5, 'decuman beryciform dregless balustraded cityfolk infantado Honduranean boxty evanescently autoheader cutization gynecologic actinolite insensibility electropneumatically disagreeableness estimableness Galeodidae Bunter hatchetman apheliotropic fibriform hoarhound infinitary'),
(6, 4, 'clochan dynamostatic complainant inhospitably apostasy foraminiferan coupelet congresser gallinule infelonious derivation Gandhiism civilizedness guardable insurgescence Acherontic derodidymus drearness greentail convalescent inexplicably chondriocont consute appreciational'),
(6, 3, 'dhu canicular anacamptic Coniothyrium boughy Christmasing coelect grottowork astrolabe clarity aquarter firmly excave condemnation electrochronometric absampere intraneural astrut asymptotically amylodyspepsia cabalism flaglet fora command'),
(9, 3, 'blasty decempennate incorporable chromatophile extrameridional bicycloheptane curbstoner divergent anthocarp fray crinkle hammy aecioteliospore infusibleness cotyloid dowsabel amoralize gluteofemoral admirability intermediator dripproof clergylike ceruminiferous isopolite'),
(7, 2, 'curvimeter estimator epilimnion descriptiveness alkenna grangerism grypanian instinctive giblets gluttony acratia eggnog Hamilton chous harper buttermaking hemihyperesthesia enchainment besottedly chalkstony frazer centered formication guisard'),
(6, 4, 'adaunt intrine Cucumariidae entoperipheral autoimmunity Anaitis exuberantness erector bargeese biquartz dermoidal indagation fetter cyancarbonic erionite gnathion implicant cardiological calorimetric Aegipan indiscriminateness hurriedness intragroupal banister'),
(8, 2, 'Bhar fibroferrite demilion interceptress avera allorrhyhmia housewifish covariable hyosternal carlin incremental aminomyelin disgracious colove chelerythrine complainingly directionless honorably gaw acetation challis enfigure disregardfulness floridean'),
(7, 4, 'holstered Gad Antisi coracoscapular blackfellow deformeter anglesite interkinesis cowsucker gingerspice crustily dreamer hypernutrition compensatingly freemason dietetist atypic additory hexapodal handcuff ahind dualize eggberry goracco'),
(8, 3, 'chylification cowheart companionway connaturally bishopess irreptitious Beneventana gules Dani aversive contubernial bullary freeholding Aclemon dechemicalization bereaven faltering Cetiosaurus disenamor cholepoietic formicarium inapplication elemicin byeworkman'),
(8, 5, 'drawshave hylomorphic bondless creaturize downstairs brotherlike absolutory acoupa counteractingly bittie Aphrodision crustacean Aimore fissiparism Balaic crabmill Epicauta addibility clysmic brainward gean designingly clamatory Augustin'),
(7, 4, 'demodectic coresidence basil dattock caruncula checkstrap byeworker armorer amphimorula extraepiphyseal adda haemonchiasis clothmaker Arawak epizoicide amblyopia dreamfully aiglet hemiope Alma channel affrontingness abomasus expeditious'),
(8, 4, 'communization dysentery geldability cysticolous Eleutherios interlinear approximately disintegrable archimperialistic inextirpableness blurred Bagobo isochronally disavowable ergatandromorphic historicoprophetic ferricyanogen appellancy appropriativeness extracloacal bemad ableptical isoallyl hypoendocrinism'),
(7, 5, 'aniente electrophototherapy inquisitory exarchist cossyrite caroome inopportunely deltidium architective angst Geryonidae damageably Ilongot Hebraize furzeling dassy Aristolochia childrenite impasto gentianaceous haversack exactress bemire besped'),
(8, 2, 'ditone adipocere farseeingness foxproof extracardial furrow coelelminth hyperbrutal elementalistic algoid bestove despiteous horizonless duckweed disarming geologer Goddam Adoxa infortitude irretrievably diagrammatician computus discipular ampholyte'),
(6, 1, 'cauligenous bobfly autourine Ingram azobenzol disputatious hyperneurotic fecundation acquest ectocarpic Hibernically bantamweight infanta fetor ability chickstone Billbergia capulet extrasensible caprice groomishly gastrocystic assister colorrhaphy'),
(6, 2, 'furnage citizendom cercopid colossi high crampon idiopsychological flaxwench commence chimopeelagic conglobate Aphthartodocetae fistulatome considerance baggager equality Asteriidae bradyteleocinesia hydremic incisive dryhouse hemofuscin incorruptly ecmnesia'),
(8, 4, 'cephalomyitis ethnographist comrade gloomfully conchometry bieldy ango Greenlandish collar Asimina Boswellize buckle chasteness aeroenterectasia ahoy cotterite hidalgism Dipsacaceae dirigibility foolhardiness demisability dusky benchy Injun'),
(6, 5, 'hemapophysial caupones Aberia colorimetrically chromosphere eminency infusionist compartmental gaffle bellyflaught impressionary conchological immigratory assiduously eulogizer antiagglutinating enterohemorrhage deaquation cultellation eventognath blattoid dermoskeleton camelback icterode'),
(9, 1, 'controversialist coexpand Fidelio dowily homoeomerous bibliograph galipoidine Balilla drumloidal dicarbonic alabamide ineluctability Hermaphroditus appeasable antarctica charlatanistic invertin braces fumatory cuneate infusibility glandered inninmorite asclepiadeous'),
(8, 3, 'corkwing exonerative canalicular diaphanometer campanulaceous broguer gastrojejunostomy Fistulina encumberer bestrew hallmarked flimsily Araceae anhelous cuissard Champa corrugated headskin baldpate carbolic Goma aristodemocratical demiwivern clownship'),
(7, 3, 'ephymnium intermotion gopherroot assembly dexter circumclusion dumba dasturi coccygomorph dentinasal gymnanthous impanation heavies excessively Daibutsu drysaltery Blenniidae grieved fustet bacteriodiagnosis Cucujus damonico circumscriptively hydrofluoric'),
(9, 2, 'devisable gurdle ajowan Cylindrophis cerebroscopy immortified astrogony incivility geitonogamous inviolability Agrapha cenospecifically intervenant discretely backcast amyelencephalia fluviomarine Elishah chorographer homotype castigable fumiduct bukshi Inermi'),
(9, 5, 'gestical dehydroascorbic arriage fimbria coauthority contrabandista hydrocerussite aggregateness erythrophore dazy catechumenship countertrippant cupidity chrysotile blanketed drudger goniatite byname barothermohygrograph Bennettitales gau draught ambrain avowableness'),
(8, 3, 'atterminal intercomparison Artemision circumspectness inflexible dornic grisette dichroic insignia inscrutability erade cardioparplasis accroides illumination forspeak etiotropically disruptive enigmatography centrosomic ambalam deprint calamarian grandeeism homodermy'),
(7, 2, 'doll encup helmetlike gastraeum hilasmic athelia conicality incident gurge centena boundlessness crankman copperization blithely hepatoma bocaccio inkwood clithral improvisatorize drammed fireboy gant hostlership irreviewable'),
(9, 1, 'Dididae emporeutic currawang cutireaction hemiekton acclimatization apilary Euahlayi intermediae incogitable interested achtel antitegula grippingness asphyxy groggily buzzy Basoko duteously fitfully biologic autoepigraph basketwoman amphigony'),
(3, 5, 'bloodybones informal expressionist gopura hisingerite Fellatah gigsman illustrational dyemaker enchest Ascabart fraud hekteus Actinidia insupportably humify inquirable aerobic demographically bayard importance curber infrastapedial Betulites'),
(0, 10, 'calciclase asymptotic Frankify azotometer hemodiagnosis Hottentotic electrogilt interstapedial breakwater exarchate chinquapin counterpoint actin deviser haziness beslubber artiphyllous canephor conscionable hinderingly effeminate diedric Epimenidean hoopoe'),
(2, 4, 'Guesdist gonosphere Bim freshness Aechmophorus Adam feretrum dentex Coleosporium chromatype alliable homogonous erogenetic chun hearthward Abnaki arborical eristically epiklesis gynecocrat brier gavialoid antiserum anis'),
(1, 9, 'analepsis irreversibly infringer Guarani gregal Dendrocolaptidae acheirus galuth biostatical bismutoplagionite disintegratory clogmaking damn disrobe baculiform dormilona digitizer cornfloor aleuroscope caryopilite Brunnichia gris gasman deficiently'),
(1, 7, 'braggartism Ervum diaspirin helsingkite aquilege haustorium hyoides birdweed disembargo intertill instigatrix electrothanasia hydrarch burdock demibuckram eaglet floricin dispel hymnographer corseting feltlike dasheen epithalamial inhospitable'),
(1, 8, 'hysterorrhaphy hutukhtu constrainedly bridgewards Achyranthes introvolution hypotonia bauckiebird ctetology crash errant groomling caraibe interwreathe chorioid breakfast humorize interosculant beshrew grozet abacinate encyclic coralline behoot'),
(3, 10, 'cutocellulose exultingly Cantorian atropine isohyetal apodous hyperfastidious badland flecklessly Elaeagnaceae congressionalist amoeboid antiforeignism amateurism cuirass expiation gaudless Achatinidae hippocrepian hoghood heedy entermete airway amatol'),
(1, 5, 'huiscoyol geta homotactic horseway courtiership coexpand depullulation fantasist Elamitic edriophthalmatous ecostate erbium heterogeneal disreputably dirigibility feigningly chancewise exaltedly gladden anacrustically equirotal carotin fiduciarily gatelike'),
(0, 4, 'enchantingness diversiform gharry indescriptive cadger apocalypt ahimsa coracle anticous birdling hieroglyphical expensive erogeny glutenin Gurkha chlorine ast catechumenal Gaussian enlace Gyarung featherhead infinitary gallanilide'),
(0, 7, 'incogitability Arctalian enemy creatorhood friedcake flouter alcoholemia bename decry arabesque dragade Devon hydroaviation archfelon apostrophation histotherapy coemanate isomorphic ateliosis Exonian intercoccygeal Downingia gratify debruise'),
(4, 3, 'idiorrhythmic caique benzalphthalide interlocker coercibility harpula geologian autoanticomplement coadaptation Eskimauan gastroschisis disinfectant beerpull amniotome diaplexal automobilism circumspectively faradmeter cardroom harl hyaloandesite bourette choragion banty'),
(3, 9, 'deceptiveness handstand humoristical fireworm athenor exiguity chukar adverbially counterenamel Inghamite inevitable interresponsibility irreticence Argyle brazilein demilion balantidiosis anthropomorphous doughlike cytoblastema diallagic biconcavity Elmer azoxyphenetole');


INSERT INTO avaliacao_servico (id_ava, id_ser, pontuacao) VALUES 
(0, 3, 3),
(1, 0, 3),
(2, 8, 3),
(3, 6, 2),
(4, 2, 3),
(5, 6, 1),
(6, 11, 4),
(7, 1, 4),
(8, 2, 1),
(9, 2, 2),
(10, 11, 2),
(11, 1, 5),
(12, 1, 5),
(13, 7, 3),
(14, 3, 4),
(15, 10, 5),
(16, 12, 2),
(17, 10, 1),
(18, 5, 4),
(19, 10, 5),
(20, 0, 4),
(21, 12, 1),
(22, 12, 1),
(23, 3, 2),
(24, 10, 5),
(25, 12, 3),
(26, 11, 4),
(27, 7, 1),
(28, 9, 2),
(29, 8, 4),
(30, 0, 2),
(31, 9, 1),
(32, 3, 3),
(33, 12, 4),
(34, 1, 4),
(35, 2, 1),
(36, 11, 5),
(37, 5, 2),
(38, 5, 1),
(39, 2, 5),
(40, 1, 3),
(41, 12, 4),
(42, 9, 2),
(43, 5, 1),
(44, 12, 2),
(45, 7, 1),
(46, 1, 1),
(47, 1, 2),
(48, 6, 3),
(49, 1, 4),
(50, 7, 1),
(51, 7, 4),
(52, 1, 4),
(53, 11, 3),
(54, 4, 1),
(55, 6, 1),
(56, 0, 2),
(57, 4, 5),
(58, 7, 3),
(59, 2, 3),
(60, 8, 2),
(61, 11, 2),
(62, 12, 4),
(63, 6, 1),
(64, 2, 2),
(65, 3, 2),
(66, 6, 4),
(67, 1, 4),
(68, 1, 5),
(69, 7, 1),
(70, 11, 5),
(71, 6, 1),
(72, 9, 2),
(73, 3, 5),
(74, 4, 4),
(75, 8, 2),
(76, 1, 1),
(77, 3, 1),
(78, 1, 2),
(79, 7, 1),
(80, 2, 4),
(81, 4, 5),
(82, 2, 5),
(83, 12, 3),
(84, 11, 2),
(85, 1, 1),
(86, 4, 5),
(87, 6, 5),
(88, 2, 2),
(89, 3, 4),
(90, 9, 2);


INSERT INTO estabelecimento_servico (id_est, id_ser) VALUES 
(2, 00),
(0, 01),
(5, 02),
(8, 03),
(6, 04),
(2, 05),
(6, 06),
(2, 07),
(8, 08),
(1, 09),
(5, 10),
(2, 11),
(6, 12),
(0, 00),
(4, 01),
(0, 02),
(4, 03),
(5, 04),
(1, 05),
(8, 06),
(5, 07),
(4, 08),
(6, 09),
(8, 10),
(6, 11),
(1, 12),
(6, 00),
(4, 01),
(1, 02),
(3, 03),
(0, 04),
(0, 05),
(6, 06),
(2, 07),
(0, 08),
(4, 09),
(1, 10),
(1, 11),
(3, 12);
